ride_id,driver_id,distance_km,fare_usd,ride_type,city,timestamp
1,1045,1.7658971745953662,43.327213346928616,standard,Lima,2025-01-01 00:00:00
2,1045,23.654854491631923,21.263413407729146,premium,Toronto,2025-01-01 00:01:00
3,1009,14.51211384105143,59.81515620427428,pool,Toronto,2025-01-01 00:02:00
4,1035,18.47866565248826,7.076294789220423,premium,Lima,2025-01-01 00:03:00
5,1024,29.364453937902137,53.35338032416257,standard,Nairobi,2025-01-01 00:04:00
6,1022,20.25253188440551,41.700085187596386,standard,Nairobi,2025-01-01 00:05:00
7,1019,10.751888971897777,26.719436127102625,standard,Seoul,2025-01-01 00:06:00
8,1007,16.61247057550874,12.58365508085117,standard,Toronto,2025-01-01 00:07:00
9,1042,13.598058269264786,64.37728590317735,pool,Lima,2025-01-01 00:08:00
10,1017,19.383714300589247,46.253968754315466,premium,Nairobi,2025-01-01 00:09:00
11,1040,26.409245986507937,74.3631938167672,pool,Nairobi,2025-01-01 00:10:00
12,1024,7.617399349047474,23.725158189688745,standard,Berlin,2025-01-01 00:11:00
13,1001,11.195040186803249,7.354988344883461,pool,Berlin,2025-01-01 00:12:00
14,1034,29.55309075531278,39.007224958078524,premium,Seoul,2025-01-01 00:13:00
15,1008,24.478908697915816,34.71262610456629,standard,Lima,2025-01-01 00:14:00
16,1031,18.088299125803807,14.052026894332338,premium,Seoul,2025-01-01 00:15:00
17,1010,13.907056357179899,16.90575203035668,standard,Seoul,2025-01-01 00:16:00
18,1029,23.20261663110048,72.15987420581604,standard,Nairobi,2025-01-01 00:17:00
19,1016,6.415874953218967,61.07444142397363,pool,Nairobi,2025-01-01 00:18:00
20,1050,27.32203877732268,48.13086281748643,pool,Nairobi,2025-01-01 00:19:00
21,1000,17.342985928873134,70.70015470391783,premium,Toronto,2025-01-01 00:20:00
22,1037,6.291241541168123,13.750768770033932,standard,Lima,2025-01-01 00:21:00
23,1014,5.48234884188085,33.53498688743592,pool,Nairobi,2025-01-01 00:22:00
24,1024,26.464754952001908,18.37913274503858,premium,Seoul,2025-01-01 00:23:00
25,1000,22.798008861424638,60.55507899368847,premium,Berlin,2025-01-01 00:24:00
26,1016,7.1605014373016544,54.35705502375764,pool,Toronto,2025-01-01 00:25:00
27,1029,19.719689042735798,10.577578438429354,standard,Berlin,2025-01-01 00:26:00
28,1012,14.712043285801212,15.723600490794535,standard,Toronto,2025-01-01 00:27:00
29,1032,29.14171310980752,58.136150358066814,premium,Berlin,2025-01-01 00:28:00
30,1044,26.524269200383657,21.351487254091147,standard,Lima,2025-01-01 00:29:00
31,1002,26.03926957076489,26.289967542531592,premium,Berlin,2025-01-01 00:30:00
32,1046,7.738971080209566,15.166098713183064,pool,Nairobi,2025-01-01 00:31:00
33,1026,27.944059740418805,16.938775284048674,premium,Nairobi,2025-01-01 00:32:00
34,1008,27.436590081355643,60.821172878216565,premium,Lima,2025-01-01 00:33:00
35,1033,21.69015928753626,68.02628652259308,pool,Nairobi,2025-01-01 00:34:00
36,1036,28.959868859524473,19.349893350772348,pool,Berlin,2025-01-01 00:35:00
37,1008,9.6269765779486,64.64391025094865,pool,Seoul,2025-01-01 00:36:00
38,1035,29.132058974739113,17.140840925827625,pool,Lima,2025-01-01 00:37:00
39,1015,6.1719593015925565,19.365470614080078,premium,Nairobi,2025-01-01 00:38:00
40,1050,9.191788232516986,50.879607615531874,premium,Berlin,2025-01-01 00:39:00
41,1035,7.40424752492668,12.078150006229667,pool,Lima,2025-01-01 00:40:00
42,1024,15.530997902872981,73.31672656246151,pool,Nairobi,2025-01-01 00:41:00
43,1022,25.134441137032567,57.49055253861213,premium,Nairobi,2025-01-01 00:42:00
44,1048,4.389816706075073,40.35510931105389,standard,Seoul,2025-01-01 00:43:00
45,1015,9.318897317588666,65.94487048424068,premium,Nairobi,2025-01-01 00:44:00
46,1038,24.566682755421738,68.92645067370327,pool,Seoul,2025-01-01 00:45:00
47,1008,28.962162303979085,31.90177484484251,standard,Berlin,2025-01-01 00:46:00
48,1031,21.21136247538752,29.0799447390136,premium,Nairobi,2025-01-01 00:47:00
49,1025,2.0835215152188002,27.81345760602267,standard,Berlin,2025-01-01 00:48:00
50,1043,26.95002501807919,34.463260533374,premium,Berlin,2025-01-01 00:49:00
51,1008,18.100123241075426,34.63250914419075,standard,Seoul,2025-01-01 00:50:00
52,1030,26.757706861551593,12.498532297838134,pool,Nairobi,2025-01-01 00:51:00
53,1019,25.301754699697067,19.602734425103318,premium,Seoul,2025-01-01 00:52:00
54,1027,24.00898084757279,59.242245895908106,standard,Seoul,2025-01-01 00:53:00
55,1012,28.79185292734392,44.18922393315164,pool,Berlin,2025-01-01 00:54:00
56,1049,27.94928104879414,70.7288439467667,pool,Seoul,2025-01-01 00:55:00
57,1024,25.88032746149225,26.76537043013237,standard,Berlin,2025-01-01 00:56:00
58,1020,25.77662115164281,16.73583918638395,premium,Toronto,2025-01-01 00:57:00
59,1050,21.900503854674575,12.48944665746626,premium,Seoul,2025-01-01 00:58:00
60,1017,13.478251999230885,64.35739385846693,standard,Berlin,2025-01-01 00:59:00
61,1016,21.246065889767966,52.86530643197876,pool,Lima,2025-01-01 01:00:00
62,1031,25.03996079513336,54.212037612913576,premium,Toronto,2025-01-01 01:01:00
63,1002,2.4656803280435513,52.538805806772864,pool,Lima,2025-01-01 01:02:00
64,1033,24.388941497531874,23.828932686599288,premium,Berlin,2025-01-01 01:03:00
65,1039,1.5703775611684514,59.51475881060834,premium,Lima,2025-01-01 01:04:00
66,1035,21.637778871522457,65.97969370624648,standard,Seoul,2025-01-01 01:05:00
67,1004,6.844293176018995,23.99271447062288,premium,Nairobi,2025-01-01 01:06:00
68,1001,9.08383551102587,21.277407857177128,premium,Seoul,2025-01-01 01:07:00
69,1043,7.135201880083327,33.82301596232753,standard,Berlin,2025-01-01 01:08:00
70,1021,19.37109421643219,44.050216417898696,standard,Toronto,2025-01-01 01:09:00
71,1019,5.922052182919932,36.089170609646104,premium,Lima,2025-01-01 01:10:00
72,1029,4.164941359075412,70.36198395135648,standard,Berlin,2025-01-01 01:11:00
73,1013,7.47416920021531,29.03675345778277,pool,Nairobi,2025-01-01 01:12:00
74,1011,20.00330240030878,9.44579284915324,standard,Seoul,2025-01-01 01:13:00
75,1038,7.49779904000537,63.70641066302495,premium,Lima,2025-01-01 01:14:00
76,1002,23.896448077268428,39.27307410917925,pool,Nairobi,2025-01-01 01:15:00
77,1001,16.25126195858374,43.7450562960405,standard,Berlin,2025-01-01 01:16:00
78,1015,4.4858683068300635,52.925057555998514,pool,Lima,2025-01-01 01:17:00
79,1044,17.90784544033494,5.1186839831872195,standard,Seoul,2025-01-01 01:18:00
80,1000,8.831407075408165,23.5658615351147,pool,Lima,2025-01-01 01:19:00
81,1042,20.168851124879655,51.06143225711813,pool,Toronto,2025-01-01 01:20:00
82,1034,18.975561072432818,73.56598652056321,premium,Berlin,2025-01-01 01:21:00
83,1025,16.9262418733828,47.20816910410003,premium,Nairobi,2025-01-01 01:22:00
84,1026,15.139713879722724,9.014898786958732,premium,Toronto,2025-01-01 01:23:00
85,1046,5.8147545258117574,54.10299892031545,standard,Seoul,2025-01-01 01:24:00
86,1050,2.2969073030328597,28.2802901915582,premium,Seoul,2025-01-01 01:25:00
87,1042,15.717558059382322,48.73294331289106,pool,Toronto,2025-01-01 01:26:00
88,1005,3.509719090612365,28.946089979318284,pool,Seoul,2025-01-01 01:27:00
89,1017,12.951866563348151,48.06345750116394,premium,Nairobi,2025-01-01 01:28:00
90,1045,25.831221768122113,53.98041512073005,pool,Toronto,2025-01-01 01:29:00
91,1042,28.34773105047193,73.90587814450257,pool,Lima,2025-01-01 01:30:00
92,1015,12.179196679370929,27.90377852437038,premium,Lima,2025-01-01 01:31:00
93,1032,19.3706913497673,52.834726931707564,premium,Seoul,2025-01-01 01:32:00
94,1008,16.615313036539547,36.21073921460475,premium,Lima,2025-01-01 01:33:00
95,1019,21.129360113266642,18.660712764535933,standard,Seoul,2025-01-01 01:34:00
96,1028,16.349426447982335,73.3220140707651,premium,Lima,2025-01-01 01:35:00
97,1027,23.431151947588607,7.2973801771687,standard,Toronto,2025-01-01 01:36:00
98,1001,19.125788936807997,29.31864398627643,pool,Toronto,2025-01-01 01:37:00
99,1017,26.741722816764735,13.34596226069008,standard,Nairobi,2025-01-01 01:38:00
100,1035,28.20645953062924,51.51441859215404,standard,Nairobi,2025-01-01 01:39:00
101,1041,27.199469643308248,15.78960107566416,premium,Berlin,2025-01-01 01:40:00
102,1000,13.36621230641122,18.252225052970324,standard,Berlin,2025-01-01 01:41:00
103,1026,17.63689954867448,8.679644748347286,standard,Toronto,2025-01-01 01:42:00
104,1025,25.107918098779436,52.04116128453098,standard,Nairobi,2025-01-01 01:43:00
105,1040,16.93799756226187,74.4323521454785,pool,Lima,2025-01-01 01:44:00
106,1030,18.46410891861048,48.169651771196754,standard,Lima,2025-01-01 01:45:00
107,1010,8.555015571158513,18.95569864437531,standard,Nairobi,2025-01-01 01:46:00
108,1006,29.007327255575287,56.37098096914041,standard,Lima,2025-01-01 01:47:00
109,1015,11.372941740598117,15.651690362726251,pool,Lima,2025-01-01 01:48:00
110,1030,27.606416724278322,60.56911003610279,standard,Toronto,2025-01-01 01:49:00
111,1037,6.975244836189364,45.79474455096453,pool,Seoul,2025-01-01 01:50:00
112,1031,19.959195805775625,41.957796878134616,pool,Toronto,2025-01-01 01:51:00
113,1031,5.802518844846663,54.823318299547594,premium,Seoul,2025-01-01 01:52:00
114,1013,6.028490073670903,54.00753604556274,pool,Berlin,2025-01-01 01:53:00
115,1012,13.399506676242611,46.222751600802255,premium,Seoul,2025-01-01 01:54:00
116,1013,25.986657914919228,72.02882130989883,premium,Seoul,2025-01-01 01:55:00
117,1038,6.057516777148591,71.31830347485896,pool,Seoul,2025-01-01 01:56:00
118,1044,15.20007738398025,74.907626776783,premium,Lima,2025-01-01 01:57:00
119,1038,18.703088422046136,11.864572615115943,premium,Toronto,2025-01-01 01:58:00
120,1001,13.79621563172932,5.073248976052253,premium,Nairobi,2025-01-01 01:59:00
121,1035,2.867751499143629,9.757795771281788,standard,Lima,2025-01-01 02:00:00
122,1018,14.457755317648727,15.885386533070534,pool,Berlin,2025-01-01 02:01:00
123,1019,11.107933768390177,64.68939951348281,pool,Toronto,2025-01-01 02:02:00
124,1000,20.666674118713274,40.35438983181292,pool,Toronto,2025-01-01 02:03:00
125,1016,5.321748201023747,49.142495464681076,premium,Toronto,2025-01-01 02:04:00
126,1010,7.848556391005637,64.21322975223954,premium,Berlin,2025-01-01 02:05:00
127,1022,8.279127186406788,14.563040620118933,premium,Toronto,2025-01-01 02:06:00
128,1020,21.435049818599037,45.81281422916287,premium,Nairobi,2025-01-01 02:07:00
129,1034,12.253097701685409,46.585285427989874,premium,Berlin,2025-01-01 02:08:00
130,1008,19.565104948784676,14.569383742239678,standard,Berlin,2025-01-01 02:09:00
131,1005,15.225241093467032,59.43496648380471,standard,Berlin,2025-01-01 02:10:00
132,1048,7.317361009589893,23.65205750997955,standard,Lima,2025-01-01 02:11:00
133,1031,7.703612604225776,30.26670286836343,standard,Toronto,2025-01-01 02:12:00
134,1028,25.89191922717621,40.34414369357188,standard,Nairobi,2025-01-01 02:13:00
135,1016,29.757934411924616,16.131907834037804,pool,Berlin,2025-01-01 02:14:00
136,1022,14.790811436502025,52.2545008006515,premium,Berlin,2025-01-01 02:15:00
137,1049,18.60029909375732,22.242738432509366,standard,Toronto,2025-01-01 02:16:00
138,1031,28.201482539832938,65.5193572010692,premium,Toronto,2025-01-01 02:17:00
139,1023,12.198573183107154,19.513083879028052,pool,Nairobi,2025-01-01 02:18:00
140,1000,10.060133700005784,34.3951390500216,standard,Berlin,2025-01-01 02:19:00
141,1008,13.344575207360746,9.535544232189128,standard,Seoul,2025-01-01 02:20:00
142,1026,26.848655291651752,69.84948410381955,premium,Toronto,2025-01-01 02:21:00
143,1031,3.1335106995997197,72.4344820404354,pool,Nairobi,2025-01-01 02:22:00
144,1015,24.332528095260383,12.009299616662235,standard,Nairobi,2025-01-01 02:23:00
145,1017,3.918456591239344,47.53854675284216,standard,Berlin,2025-01-01 02:24:00
146,1018,3.264318613357797,50.39821971654936,premium,Berlin,2025-01-01 02:25:00
147,1032,19.79424854092218,48.03615745922573,premium,Toronto,2025-01-01 02:26:00
148,1028,29.692973330576116,29.31371045494727,standard,Nairobi,2025-01-01 02:27:00
149,1024,14.824062295802701,54.099115168189115,pool,Lima,2025-01-01 02:28:00
150,1007,7.921520098537119,57.62624470260353,premium,Toronto,2025-01-01 02:29:00
151,1050,17.13445474759045,31.734886699588458,premium,Lima,2025-01-01 02:30:00
152,1022,24.336512964319027,29.152867478719717,premium,Seoul,2025-01-01 02:31:00
153,1034,20.08927639881314,35.626522671339806,pool,Toronto,2025-01-01 02:32:00
154,1038,3.0283994350516847,48.61091769338152,pool,Toronto,2025-01-01 02:33:00
155,1044,1.4409361554663107,55.691196428700195,pool,Seoul,2025-01-01 02:34:00
156,1017,15.607337066726508,8.318502409336963,pool,Lima,2025-01-01 02:35:00
157,1038,7.2482160161983735,34.658491996026584,premium,Nairobi,2025-01-01 02:36:00
158,1030,22.515765055785252,21.15457238313888,standard,Nairobi,2025-01-01 02:37:00
159,1014,11.58160854590178,65.67622376035729,pool,Lima,2025-01-01 02:38:00
160,1041,25.32781539844635,7.97938316072155,premium,Lima,2025-01-01 02:39:00
161,1034,20.13242170596294,8.928212127643356,premium,Seoul,2025-01-01 02:40:00
162,1011,20.422055809622336,31.709918534870372,premium,Seoul,2025-01-01 02:41:00
163,1025,21.20985214153151,28.710781133126122,standard,Toronto,2025-01-01 02:42:00
164,1023,7.70984342632144,69.81136549402665,premium,Nairobi,2025-01-01 02:43:00
165,1012,12.07197975478394,50.14147936447149,standard,Nairobi,2025-01-01 02:44:00
166,1050,15.917111845584957,26.10934388885082,standard,Seoul,2025-01-01 02:45:00
167,1027,6.265036800814207,65.68813309472739,premium,Toronto,2025-01-01 02:46:00
168,1028,22.375494655035396,65.36874831177599,standard,Toronto,2025-01-01 02:47:00
169,1047,9.980450018811108,70.01905337451218,standard,Seoul,2025-01-01 02:48:00
170,1047,14.084718085467612,49.03763038986568,premium,Toronto,2025-01-01 02:49:00
171,1002,27.88684094963314,41.48944225429993,pool,Seoul,2025-01-01 02:50:00
172,1043,20.89363630963917,59.117858519664985,standard,Berlin,2025-01-01 02:51:00
173,1038,23.32755807315142,34.91049527487361,pool,Seoul,2025-01-01 02:52:00
174,1045,27.52569536290129,14.433007045620222,standard,Berlin,2025-01-01 02:53:00
175,1026,12.71618773723494,44.4194328804777,pool,Toronto,2025-01-01 02:54:00
176,1034,20.5279365673201,45.345745590023554,premium,Seoul,2025-01-01 02:55:00
177,1045,29.550141174960437,52.021466654456376,premium,Seoul,2025-01-01 02:56:00
178,1042,29.084399778563903,46.04973618925668,standard,Toronto,2025-01-01 02:57:00
179,1049,12.031202380594706,73.11324316933771,pool,Berlin,2025-01-01 02:58:00
180,1001,12.19405099570792,67.25893168517545,standard,Lima,2025-01-01 02:59:00
181,1021,5.828802026049668,45.12654536422034,premium,Lima,2025-01-01 03:00:00
182,1004,25.324098420655247,63.10959082658919,standard,Lima,2025-01-01 03:01:00
183,1023,17.627212971923527,5.33648657091868,premium,Berlin,2025-01-01 03:02:00
184,1048,26.085757927824716,72.49161357101971,premium,Toronto,2025-01-01 03:03:00
185,1034,7.443005183902642,73.03962903712166,pool,Nairobi,2025-01-01 03:04:00
186,1031,2.583866121903749,15.034666993095376,premium,Nairobi,2025-01-01 03:05:00
187,1047,8.224352180728806,26.873556851432298,premium,Lima,2025-01-01 03:06:00
188,1050,6.717481069058942,57.00886833092124,pool,Lima,2025-01-01 03:07:00
189,1022,20.431106161448707,28.655176997030413,pool,Nairobi,2025-01-01 03:08:00
190,1024,27.272873124752262,71.66891609631824,premium,Lima,2025-01-01 03:09:00
191,1015,25.187264491194547,43.31083564706372,pool,Seoul,2025-01-01 03:10:00
192,1002,25.91460194957426,39.410464452217674,premium,Berlin,2025-01-01 03:11:00
193,1029,11.428732854096026,49.37944121343088,standard,Berlin,2025-01-01 03:12:00
194,1018,15.979716667227835,30.63704438615224,pool,Seoul,2025-01-01 03:13:00
195,1047,2.0670201322294,25.26720382187702,premium,Lima,2025-01-01 03:14:00
196,1045,15.549832776428726,32.87845608299775,premium,Nairobi,2025-01-01 03:15:00
197,1046,15.336167400490618,21.596084226962706,premium,Nairobi,2025-01-01 03:16:00
198,1009,19.110433433120303,44.045482484165234,premium,Lima,2025-01-01 03:17:00
199,1024,22.399660813327966,21.26707394044873,premium,Nairobi,2025-01-01 03:18:00
200,1045,1.5575362977341247,29.895811445007926,standard,Seoul,2025-01-01 03:19:00
201,1034,6.919782534366869,36.53499266199643,pool,Lima,2025-01-01 03:20:00
202,1028,28.939873524480557,66.01191203383567,premium,Seoul,2025-01-01 03:21:00
203,1036,12.52778732337572,27.278055410691607,premium,Toronto,2025-01-01 03:22:00
204,1027,3.5319987930989183,58.677663957010665,pool,Lima,2025-01-01 03:23:00
205,1042,27.282560536447583,35.46586165537965,standard,Toronto,2025-01-01 03:24:00
206,1023,1.1323280791759407,73.98900872390108,premium,Berlin,2025-01-01 03:25:00
207,1030,15.00782810349177,8.794496622246076,premium,Berlin,2025-01-01 03:26:00
208,1045,9.477648974217997,70.50901100778061,standard,Nairobi,2025-01-01 03:27:00
209,1004,29.418332940692146,12.414994592263387,premium,Lima,2025-01-01 03:28:00
210,1042,10.584116348110765,74.6510797861157,pool,Lima,2025-01-01 03:29:00
211,1016,27.06228365122397,49.04423237119515,premium,Berlin,2025-01-01 03:30:00
212,1017,17.823836393038498,9.628988607442565,pool,Toronto,2025-01-01 03:31:00
213,1030,21.802350506268034,42.842456748589534,pool,Nairobi,2025-01-01 03:32:00
214,1038,28.31999653214187,42.99294266088242,pool,Toronto,2025-01-01 03:33:00
215,1028,19.456511169006358,8.076033982501972,premium,Berlin,2025-01-01 03:34:00
216,1049,29.74631172066033,12.435653334738282,pool,Nairobi,2025-01-01 03:35:00
217,1032,23.03010257871194,68.89856451239442,standard,Berlin,2025-01-01 03:36:00
218,1048,2.458208252404273,6.523678779307827,standard,Nairobi,2025-01-01 03:37:00
219,1006,14.233896166540143,21.409512131853674,premium,Lima,2025-01-01 03:38:00
220,1035,1.3268487692320843,19.718785276721857,pool,Seoul,2025-01-01 03:39:00
221,1039,29.068844020789147,27.45771420839291,premium,Berlin,2025-01-01 03:40:00
222,1030,16.069670364255625,73.22922293509194,pool,Seoul,2025-01-01 03:41:00
223,1046,5.861587613309634,48.84226520855839,premium,Berlin,2025-01-01 03:42:00
224,1002,12.565584983337313,11.252449394649243,pool,Lima,2025-01-01 03:43:00
225,1011,12.378942326040347,15.052686900666952,premium,Lima,2025-01-01 03:44:00
226,1042,9.765328925480956,6.721828613560133,premium,Berlin,2025-01-01 03:45:00
227,1026,1.0623654626709895,72.45947868864806,standard,Berlin,2025-01-01 03:46:00
228,1023,2.5053885686853,42.57727361037336,premium,Lima,2025-01-01 03:47:00
229,1038,26.287632873373443,61.49194918698063,pool,Berlin,2025-01-01 03:48:00
230,1010,5.193014103829055,17.160627879226013,pool,Berlin,2025-01-01 03:49:00
231,1047,8.149725771607368,17.74772078688164,premium,Seoul,2025-01-01 03:50:00
232,1027,27.31001179649328,9.211510412281374,premium,Toronto,2025-01-01 03:51:00
233,1035,19.336764703924572,25.05995562638578,pool,Toronto,2025-01-01 03:52:00
234,1004,23.10138300485677,51.209300545708935,premium,Toronto,2025-01-01 03:53:00
235,1045,13.058561835990849,8.726448289250111,premium,Seoul,2025-01-01 03:54:00
236,1002,15.712301085469996,18.199240896366074,standard,Toronto,2025-01-01 03:55:00
237,1000,29.487159448261316,42.584090080102385,premium,Seoul,2025-01-01 03:56:00
238,1030,24.52994948072208,63.25427419410095,pool,Nairobi,2025-01-01 03:57:00
239,1026,12.338758703557389,21.615698829367226,standard,Lima,2025-01-01 03:58:00
240,1039,6.526871180985255,23.407984746211483,standard,Toronto,2025-01-01 03:59:00
241,1020,2.8437454894004595,28.809480081508053,pool,Seoul,2025-01-01 04:00:00
242,1018,14.278517432454715,32.63472067985556,pool,Berlin,2025-01-01 04:01:00
243,1013,7.1748742747271805,13.339295181792853,standard,Berlin,2025-01-01 04:02:00
244,1018,8.178960477723061,33.992320835690904,premium,Nairobi,2025-01-01 04:03:00
245,1023,7.9547252693047605,14.197162914908768,premium,Nairobi,2025-01-01 04:04:00
246,1033,27.221959621113793,41.85507043265987,premium,Seoul,2025-01-01 04:05:00
247,1020,28.743502786592376,36.27202320137181,standard,Nairobi,2025-01-01 04:06:00
248,1039,17.41542872043307,70.89149191206864,standard,Toronto,2025-01-01 04:07:00
249,1034,14.955509360854517,52.35132761633381,standard,Lima,2025-01-01 04:08:00
250,1011,13.13335050897739,55.25567641577539,premium,Seoul,2025-01-01 04:09:00
251,1009,27.669658706465682,34.97712936435016,premium,Toronto,2025-01-01 04:10:00
252,1043,18.974439172110678,12.097019397754718,pool,Lima,2025-01-01 04:11:00
253,1042,3.722219966232411,32.605697507076016,pool,Nairobi,2025-01-01 04:12:00
254,1044,28.332444456049853,56.52405051901484,pool,Berlin,2025-01-01 04:13:00
255,1005,17.93919465511169,31.400254539283097,pool,Berlin,2025-01-01 04:14:00
256,1017,22.389172937890724,35.66978392543517,standard,Seoul,2025-01-01 04:15:00
257,1023,27.753622248123605,27.247683809519632,pool,Berlin,2025-01-01 04:16:00
258,1013,3.054747547528123,46.67946177017216,pool,Berlin,2025-01-01 04:17:00
259,1013,8.770362398493855,58.825242128170174,pool,Toronto,2025-01-01 04:18:00
260,1016,9.524788673720549,36.39644270649433,standard,Nairobi,2025-01-01 04:19:00
261,1012,22.7456452453113,42.379282426727485,pool,Toronto,2025-01-01 04:20:00
262,1044,3.564612680920506,59.59676671796532,pool,Berlin,2025-01-01 04:21:00
263,1041,22.18519307289029,40.055397490202886,premium,Seoul,2025-01-01 04:22:00
264,1009,18.899279166466734,33.63367618166404,standard,Toronto,2025-01-01 04:23:00
265,1009,21.430614108709822,36.73183761818028,standard,Toronto,2025-01-01 04:24:00
266,1000,22.878495345494862,8.991611709559898,standard,Berlin,2025-01-01 04:25:00
267,1027,2.9429710760685315,20.619564746122954,premium,Berlin,2025-01-01 04:26:00
268,1029,7.1339225109637825,45.29166724425926,pool,Lima,2025-01-01 04:27:00
269,1029,25.24844847313149,9.090845051511247,premium,Berlin,2025-01-01 04:28:00
270,1014,9.159902324189122,17.445265086877562,standard,Seoul,2025-01-01 04:29:00
271,1047,16.33359930875058,36.600509002685534,pool,Lima,2025-01-01 04:30:00
272,1024,16.38046043041588,73.0107550866596,premium,Berlin,2025-01-01 04:31:00
273,1039,27.534967051409726,22.51124083876856,pool,Berlin,2025-01-01 04:32:00
274,1050,14.80767974589024,74.7865364415838,standard,Lima,2025-01-01 04:33:00
275,1029,12.905744110884056,50.0588567862829,premium,Lima,2025-01-01 04:34:00
276,1015,5.389495883533021,16.793649310754667,standard,Toronto,2025-01-01 04:35:00
277,1032,21.940275800007914,24.72274767248148,pool,Nairobi,2025-01-01 04:36:00
278,1034,16.371995340408482,40.66115834455082,pool,Nairobi,2025-01-01 04:37:00
279,1029,18.383093927182646,23.04599411268256,standard,Toronto,2025-01-01 04:38:00
280,1036,20.22980099017902,44.178845521472205,premium,Berlin,2025-01-01 04:39:00
281,1042,10.173475128524894,15.300084317565148,pool,Berlin,2025-01-01 04:40:00
282,1021,6.00584782792488,25.11726226949403,premium,Seoul,2025-01-01 04:41:00
283,1017,27.93771417743582,43.41186680544439,pool,Toronto,2025-01-01 04:42:00
284,1034,11.454348226136567,28.682214483015407,premium,Berlin,2025-01-01 04:43:00
285,1010,5.8626251957926945,61.49724477494351,standard,Berlin,2025-01-01 04:44:00
286,1030,29.581310358625448,69.9936809257021,pool,Seoul,2025-01-01 04:45:00
287,1000,5.979556811716273,68.11867533170334,premium,Berlin,2025-01-01 04:46:00
288,1008,2.1161635696202463,14.408378227709385,standard,Toronto,2025-01-01 04:47:00
289,1031,17.651826565840114,14.841869804478831,pool,Toronto,2025-01-01 04:48:00
290,1004,21.688410598205774,68.514620271551,premium,Lima,2025-01-01 04:49:00
291,1036,2.884392140587062,52.26459296920831,pool,Nairobi,2025-01-01 04:50:00
292,1024,23.241635040797497,63.13882456343767,premium,Seoul,2025-01-01 04:51:00
293,1002,1.8116436915983427,69.32306228625,premium,Nairobi,2025-01-01 04:52:00
294,1048,20.691538262696458,31.23822472401858,pool,Toronto,2025-01-01 04:53:00
295,1021,12.115753841841164,72.57599588101672,premium,Toronto,2025-01-01 04:54:00
296,1029,2.1006439691423155,33.75193185329407,premium,Lima,2025-01-01 04:55:00
297,1013,26.7651965198562,12.13481716129087,standard,Lima,2025-01-01 04:56:00
298,1027,23.591861146815056,8.99018228761624,pool,Seoul,2025-01-01 04:57:00
299,1015,5.034007148041065,37.280734244333296,premium,Lima,2025-01-01 04:58:00
300,1018,4.24598526094131,57.43310432728219,pool,Seoul,2025-01-01 04:59:00
301,1027,2.072124447690306,69.36788514138532,pool,Nairobi,2025-01-01 05:00:00
302,1018,25.194517536306606,38.86629299815839,premium,Berlin,2025-01-01 05:01:00
303,1036,2.4441728077912823,41.29466044707918,standard,Toronto,2025-01-01 05:02:00
304,1004,21.317996071857852,9.808424477732707,pool,Nairobi,2025-01-01 05:03:00
305,1036,11.289869358683807,39.48809583733329,pool,Toronto,2025-01-01 05:04:00
306,1023,16.992800206041494,48.56832609431257,premium,Berlin,2025-01-01 05:05:00
307,1013,11.304397775973932,37.075110199367714,pool,Nairobi,2025-01-01 05:06:00
308,1021,29.609681781590417,55.73452851064966,standard,Berlin,2025-01-01 05:07:00
309,1015,25.684765563910407,44.46067801497672,standard,Berlin,2025-01-01 05:08:00
310,1026,16.98083201263995,18.35340839858187,pool,Berlin,2025-01-01 05:09:00
311,1006,27.04363926976029,18.918550121694217,pool,Seoul,2025-01-01 05:10:00
312,1032,15.491920990873714,59.429571073199895,standard,Toronto,2025-01-01 05:11:00
313,1003,20.804507026132907,62.27742997668089,pool,Seoul,2025-01-01 05:12:00
314,1009,3.205689692623477,23.394675956179693,pool,Nairobi,2025-01-01 05:13:00
315,1006,10.08412306545771,21.348190196684342,pool,Berlin,2025-01-01 05:14:00
316,1028,8.461094469892341,69.38532363189655,pool,Nairobi,2025-01-01 05:15:00
317,1033,22.78421714589218,68.37212393383334,premium,Nairobi,2025-01-01 05:16:00
318,1037,8.920217936543335,64.94923376607127,pool,Seoul,2025-01-01 05:17:00
319,1039,19.523753480828013,15.839291518708743,pool,Seoul,2025-01-01 05:18:00
320,1016,19.15206990609766,57.96546702826585,standard,Berlin,2025-01-01 05:19:00
321,1044,19.40878719675149,12.271687252624627,standard,Berlin,2025-01-01 05:20:00
322,1012,8.350592229026073,42.273448764225925,standard,Seoul,2025-01-01 05:21:00
323,1015,15.946078671030094,71.34403554256782,standard,Lima,2025-01-01 05:22:00
324,1039,2.8570739391902813,27.84164160578454,premium,Berlin,2025-01-01 05:23:00
325,1047,2.5055677168450083,12.310810827736718,standard,Toronto,2025-01-01 05:24:00
326,1041,2.2132774167800457,16.170794167498812,pool,Nairobi,2025-01-01 05:25:00
327,1044,17.546195298292833,44.232940925164364,premium,Nairobi,2025-01-01 05:26:00
328,1042,22.13312460782578,42.49328588394402,premium,Lima,2025-01-01 05:27:00
329,1038,9.700685915493752,5.4735133433814775,standard,Berlin,2025-01-01 05:28:00
330,1008,18.032428187398285,21.00529001664988,standard,Nairobi,2025-01-01 05:29:00
331,1026,19.945302289184355,55.38254308120927,standard,Lima,2025-01-01 05:30:00
332,1021,3.3147021228556985,51.75084165558397,premium,Berlin,2025-01-01 05:31:00
333,1018,9.403422032015575,74.28761464823083,premium,Nairobi,2025-01-01 05:32:00
334,1000,2.331553924862244,23.309549860649483,pool,Seoul,2025-01-01 05:33:00
335,1048,10.402019144282688,49.41099620852197,standard,Nairobi,2025-01-01 05:34:00
336,1042,12.07549354847869,62.50279585831673,pool,Berlin,2025-01-01 05:35:00
337,1029,26.07877831231313,5.537033793559237,premium,Lima,2025-01-01 05:36:00
338,1011,11.468804174016965,68.40374311660308,premium,Seoul,2025-01-01 05:37:00
339,1006,6.2374535771829605,35.82815985561786,standard,Berlin,2025-01-01 05:38:00
340,1021,5.461603124329955,9.633057129991501,standard,Nairobi,2025-01-01 05:39:00
341,1012,28.838144611525443,37.15844973197157,premium,Berlin,2025-01-01 05:40:00
342,1019,19.283956151165512,62.586910835968006,standard,Seoul,2025-01-01 05:41:00
343,1042,26.456041301368888,35.31346153523505,pool,Nairobi,2025-01-01 05:42:00
344,1048,25.930283043243627,35.95942334706731,standard,Lima,2025-01-01 05:43:00
345,1027,9.437367419969107,36.811919106399564,premium,Nairobi,2025-01-01 05:44:00
346,1020,12.03438253761607,46.52547883210688,pool,Seoul,2025-01-01 05:45:00
347,1010,28.85834085731006,19.994117890469425,premium,Berlin,2025-01-01 05:46:00
348,1046,25.601296287203745,25.138580866342686,standard,Toronto,2025-01-01 05:47:00
349,1033,12.184253702189359,42.16005122592628,standard,Lima,2025-01-01 05:48:00
350,1024,17.328151685971864,12.83561435035983,premium,Seoul,2025-01-01 05:49:00
351,1029,27.601255654292085,28.182192781846464,premium,Berlin,2025-01-01 05:50:00
352,1042,19.115261036228066,48.73291394425305,premium,Seoul,2025-01-01 05:51:00
353,1050,22.3585546388555,62.292327249899145,pool,Lima,2025-01-01 05:52:00
354,1018,14.578772267877115,31.62937835698149,pool,Toronto,2025-01-01 05:53:00
355,1027,1.014978331370663,65.30306122624836,premium,Toronto,2025-01-01 05:54:00
356,1008,14.551282197403513,60.76330420351232,standard,Nairobi,2025-01-01 05:55:00
357,1027,11.864640941686588,32.4800758849474,standard,Toronto,2025-01-01 05:56:00
358,1032,4.709406037157443,52.235476911829316,standard,Nairobi,2025-01-01 05:57:00
359,1017,19.125464017101674,48.95385166179036,standard,Berlin,2025-01-01 05:58:00
360,1019,22.829864027738463,25.74619482536474,premium,Toronto,2025-01-01 05:59:00
361,1029,4.280024359377758,45.98329888488615,standard,Toronto,2025-01-01 06:00:00
362,1026,19.928610833941708,56.30732397782903,pool,Seoul,2025-01-01 06:01:00
363,1031,11.50776623869527,21.78981262498411,premium,Berlin,2025-01-01 06:02:00
364,1038,23.91064221122173,65.34098609053626,standard,Toronto,2025-01-01 06:03:00
365,1042,16.06923777843039,29.065063189019284,standard,Nairobi,2025-01-01 06:04:00
366,1022,26.649738358764562,29.843901931378607,standard,Nairobi,2025-01-01 06:05:00
367,1026,5.452816022217691,43.02535659728515,pool,Toronto,2025-01-01 06:06:00
368,1009,24.85041043436918,37.64184877439262,pool,Nairobi,2025-01-01 06:07:00
369,1023,6.15418379616632,11.264232832428139,premium,Toronto,2025-01-01 06:08:00
370,1006,17.03401240101659,52.05647896454337,standard,Toronto,2025-01-01 06:09:00
371,1037,25.606057393749367,13.037267188689528,pool,Lima,2025-01-01 06:10:00
372,1034,9.439930731497677,63.58236032702425,pool,Seoul,2025-01-01 06:11:00
373,1033,9.71670683810562,16.69404517451759,standard,Berlin,2025-01-01 06:12:00
374,1021,29.434242912060324,17.30036204478769,standard,Lima,2025-01-01 06:13:00
375,1020,17.393306683726465,27.41416313188091,standard,Nairobi,2025-01-01 06:14:00
376,1026,26.045430666400005,28.21698998914616,standard,Nairobi,2025-01-01 06:15:00
377,1035,26.58329808325188,14.37955699121293,standard,Nairobi,2025-01-01 06:16:00
378,1037,26.30319026999053,48.30310532793079,pool,Toronto,2025-01-01 06:17:00
379,1028,17.151260844280237,65.13098443179695,standard,Lima,2025-01-01 06:18:00
380,1040,27.59332317423372,10.808080911690286,standard,Toronto,2025-01-01 06:19:00
381,1000,7.613147536265538,11.12128726391777,premium,Toronto,2025-01-01 06:20:00
382,1046,9.126435872437673,40.29471414771653,premium,Nairobi,2025-01-01 06:21:00
383,1011,27.185123477393283,59.330082983608655,standard,Lima,2025-01-01 06:22:00
384,1036,26.895876816771143,7.436347528352936,standard,Toronto,2025-01-01 06:23:00
385,1008,24.921019663797082,55.921644647187996,pool,Berlin,2025-01-01 06:24:00
386,1047,22.855587751658245,29.84118828699762,pool,Lima,2025-01-01 06:25:00
387,1033,16.42622051558442,43.49103949619435,pool,Seoul,2025-01-01 06:26:00
388,1019,11.607693490574668,71.91991077707102,standard,Berlin,2025-01-01 06:27:00
389,1031,21.712251579871513,59.80894043566225,standard,Seoul,2025-01-01 06:28:00
390,1049,19.885681473352598,70.52692750107806,pool,Berlin,2025-01-01 06:29:00
391,1020,16.69707971155747,51.57774731189096,pool,Lima,2025-01-01 06:30:00
392,1011,26.544470101087377,17.521527881239145,premium,Toronto,2025-01-01 06:31:00
393,1024,18.41516230401867,20.245180750562902,pool,Lima,2025-01-01 06:32:00
394,1026,4.552320361371079,66.968432256829,standard,Nairobi,2025-01-01 06:33:00
395,1026,13.809835591033622,34.949820373422625,premium,Berlin,2025-01-01 06:34:00
396,1031,13.76696606817266,39.88528615116436,standard,Toronto,2025-01-01 06:35:00
397,1050,20.779915461080808,39.704557986217814,pool,Nairobi,2025-01-01 06:36:00
398,1049,6.6380218823518655,44.76777740591358,standard,Toronto,2025-01-01 06:37:00
399,1027,2.7781384669887554,17.96583593223408,pool,Seoul,2025-01-01 06:38:00
400,1030,8.611141714231046,70.26945961053755,premium,Seoul,2025-01-01 06:39:00
401,1009,1.9106909561465037,35.4672889180728,standard,Berlin,2025-01-01 06:40:00
402,1026,26.09657050609769,68.571913833498,pool,Seoul,2025-01-01 06:41:00
403,1008,13.194701810074935,74.25093254742522,pool,Berlin,2025-01-01 06:42:00
404,1025,23.028559956439377,33.968957857779344,pool,Lima,2025-01-01 06:43:00
405,1010,24.795625952376387,51.202209395201415,pool,Seoul,2025-01-01 06:44:00
406,1033,9.281408038431895,69.74002597212785,pool,Lima,2025-01-01 06:45:00
407,1013,20.82693507599903,65.7752633412609,pool,Toronto,2025-01-01 06:46:00
408,1037,9.951142705588747,28.255906573941974,premium,Toronto,2025-01-01 06:47:00
409,1025,4.724405268079317,13.803447553559723,standard,Seoul,2025-01-01 06:48:00
410,1010,16.456194271559966,53.330567662246956,premium,Toronto,2025-01-01 06:49:00
411,1041,29.942106337508577,70.465110051447,standard,Seoul,2025-01-01 06:50:00
412,1032,18.505451028143373,42.48608332306155,premium,Seoul,2025-01-01 06:51:00
413,1045,15.63326246590896,52.98159360007471,premium,Lima,2025-01-01 06:52:00
414,1050,12.337966286937535,53.3301221017702,premium,Lima,2025-01-01 06:53:00
415,1022,3.227250887516352,38.7663317394337,premium,Berlin,2025-01-01 06:54:00
416,1001,9.266614356018737,18.72118139563222,premium,Nairobi,2025-01-01 06:55:00
417,1023,16.49729841083196,67.1056920967402,premium,Seoul,2025-01-01 06:56:00
418,1047,1.7636226898807381,32.0949991692643,pool,Nairobi,2025-01-01 06:57:00
419,1015,5.804242286835725,44.33460224337401,pool,Berlin,2025-01-01 06:58:00
420,1020,10.978706271017472,52.343612978146005,standard,Lima,2025-01-01 06:59:00
421,1046,4.599330244661147,59.89640572374815,premium,Berlin,2025-01-01 07:00:00
422,1021,4.6016254629851385,25.752924274472907,premium,Toronto,2025-01-01 07:01:00
423,1007,28.358641503857815,25.409637743203206,premium,Nairobi,2025-01-01 07:02:00
424,1034,18.290581468436418,22.607689206856044,premium,Lima,2025-01-01 07:03:00
425,1029,13.336742148030613,12.63309383680934,standard,Berlin,2025-01-01 07:04:00
426,1020,11.941111872264763,51.230900089807555,standard,Lima,2025-01-01 07:05:00
427,1045,14.888227522368691,38.62056688322118,premium,Nairobi,2025-01-01 07:06:00
428,1039,19.60693740973949,53.99702141643021,standard,Seoul,2025-01-01 07:07:00
429,1042,13.681010896520078,65.88843068999029,pool,Toronto,2025-01-01 07:08:00
430,1036,11.528065632866076,55.23777618026298,premium,Seoul,2025-01-01 07:09:00
431,1002,20.176958464118563,73.88136270042187,premium,Nairobi,2025-01-01 07:10:00
432,1012,19.90846481174518,21.38847661331192,pool,Seoul,2025-01-01 07:11:00
433,1025,10.259196392513735,26.333028927627772,premium,Toronto,2025-01-01 07:12:00
434,1023,18.75691660671335,55.33881962296888,pool,Nairobi,2025-01-01 07:13:00
435,1001,4.458371521209044,73.37249693310605,premium,Nairobi,2025-01-01 07:14:00
436,1042,17.55259101791958,18.6997978643031,pool,Seoul,2025-01-01 07:15:00
437,1045,20.225487754438923,16.959741320388844,standard,Lima,2025-01-01 07:16:00
438,1050,18.40636387234143,51.15221846797743,pool,Nairobi,2025-01-01 07:17:00
439,1002,25.651781690891028,70.97415475609202,pool,Toronto,2025-01-01 07:18:00
440,1018,13.553924276569939,67.34289025386877,pool,Lima,2025-01-01 07:19:00
441,1008,19.545630524438455,15.094832316392687,pool,Berlin,2025-01-01 07:20:00
442,1024,18.44693299946575,71.36987982469144,premium,Nairobi,2025-01-01 07:21:00
443,1018,11.694818320871544,55.73874546171415,premium,Seoul,2025-01-01 07:22:00
444,1025,8.479425001575134,50.370851527187845,pool,Lima,2025-01-01 07:23:00
445,1021,8.008030643992686,23.34948189173022,premium,Seoul,2025-01-01 07:24:00
446,1028,26.00446886617634,43.565878201743956,premium,Seoul,2025-01-01 07:25:00
447,1014,4.650560500688725,7.17529457993381,premium,Berlin,2025-01-01 07:26:00
448,1027,9.625332535980162,63.770082379521654,pool,Berlin,2025-01-01 07:27:00
449,1032,20.326805868795663,12.054541466048539,standard,Seoul,2025-01-01 07:28:00
450,1021,23.908709780306207,7.804890017684873,premium,Toronto,2025-01-01 07:29:00
451,1000,17.38609782680779,16.57097813726999,standard,Lima,2025-01-01 07:30:00
452,1006,4.060404900259609,23.30064343552898,premium,Seoul,2025-01-01 07:31:00
453,1006,13.53567981507083,31.671852301402915,pool,Berlin,2025-01-01 07:32:00
454,1010,26.8687072579302,66.60142289421832,pool,Seoul,2025-01-01 07:33:00
455,1047,14.445485567082791,74.93522672064667,standard,Berlin,2025-01-01 07:34:00
456,1010,28.36006659113085,26.806603693285798,standard,Toronto,2025-01-01 07:35:00
457,1011,27.790386412444203,52.54317659791305,premium,Berlin,2025-01-01 07:36:00
458,1003,23.035862710591413,33.93738289454656,pool,Nairobi,2025-01-01 07:37:00
459,1034,20.093883355497116,54.234026950883624,pool,Berlin,2025-01-01 07:38:00
460,1041,18.468401633796283,17.087133754969944,pool,Nairobi,2025-01-01 07:39:00
461,1029,22.362476926863046,67.49454485210597,premium,Nairobi,2025-01-01 07:40:00
462,1041,7.754761096121416,36.65669261925079,standard,Lima,2025-01-01 07:41:00
463,1046,22.39223610298825,39.64028390383466,pool,Toronto,2025-01-01 07:42:00
464,1043,10.22357549405876,42.885068648939175,pool,Lima,2025-01-01 07:43:00
465,1021,11.944430422038756,18.630439810682105,premium,Nairobi,2025-01-01 07:44:00
466,1024,16.147412815036773,53.94738320613495,premium,Toronto,2025-01-01 07:45:00
467,1045,19.936775866158094,67.33432006401227,premium,Nairobi,2025-01-01 07:46:00
468,1025,27.34610067706534,8.794013903989187,premium,Nairobi,2025-01-01 07:47:00
469,1017,18.208591345787774,21.943950285438145,premium,Lima,2025-01-01 07:48:00
470,1002,21.985746678939282,33.75140834156645,standard,Lima,2025-01-01 07:49:00
471,1046,18.594290446442987,39.184862509765274,pool,Toronto,2025-01-01 07:50:00
472,1026,18.4529337891272,73.47283367312849,premium,Berlin,2025-01-01 07:51:00
473,1011,22.27030747959457,26.62100167107691,premium,Toronto,2025-01-01 07:52:00
474,1044,23.73246474511593,61.79507454465567,pool,Seoul,2025-01-01 07:53:00
475,1050,15.804828780308327,55.872195294114995,pool,Lima,2025-01-01 07:54:00
476,1013,22.257288448714434,54.834143969046714,pool,Berlin,2025-01-01 07:55:00
477,1013,23.26861408220174,30.54315344505981,pool,Berlin,2025-01-01 07:56:00
478,1033,12.596639278204423,33.78316214711545,pool,Nairobi,2025-01-01 07:57:00
479,1018,4.861872823183937,39.15476013521545,standard,Toronto,2025-01-01 07:58:00
480,1000,28.069952744081956,68.44382302645019,standard,Seoul,2025-01-01 07:59:00
481,1009,28.4957347495857,56.38942496310796,standard,Nairobi,2025-01-01 08:00:00
482,1045,29.23242089091659,36.26765949361805,standard,Toronto,2025-01-01 08:01:00
483,1016,4.056402028118082,20.68835444060081,premium,Lima,2025-01-01 08:02:00
484,1009,7.238842173051263,10.084956856894106,pool,Seoul,2025-01-01 08:03:00
485,1049,9.67051526185237,33.38352044271005,premium,Berlin,2025-01-01 08:04:00
486,1020,11.754461670054926,73.47331676254191,pool,Nairobi,2025-01-01 08:05:00
487,1027,9.107761500742592,39.76455620661934,pool,Toronto,2025-01-01 08:06:00
488,1016,3.977179373296219,48.098824276738206,pool,Nairobi,2025-01-01 08:07:00
489,1003,24.843304943259653,50.58869124904429,pool,Seoul,2025-01-01 08:08:00
490,1008,16.819400569723907,27.56879895057758,standard,Lima,2025-01-01 08:09:00
491,1045,27.85511612947541,48.79458383631316,standard,Berlin,2025-01-01 08:10:00
492,1000,15.42971119793405,56.62666807032124,pool,Nairobi,2025-01-01 08:11:00
493,1045,13.438906933133483,32.18965156297158,pool,Toronto,2025-01-01 08:12:00
494,1005,2.210132144959895,26.58760331242112,pool,Nairobi,2025-01-01 08:13:00
495,1014,19.683824092113564,15.587519679930349,pool,Seoul,2025-01-01 08:14:00
496,1028,1.4553125068484447,42.12866850267431,standard,Toronto,2025-01-01 08:15:00
497,1015,26.55125873089363,30.28267715988646,premium,Nairobi,2025-01-01 08:16:00
498,1030,28.224937284105014,46.954336350779165,pool,Lima,2025-01-01 08:17:00
499,1012,5.240640066032419,32.95947828518962,standard,Seoul,2025-01-01 08:18:00
500,1043,8.72442489165922,63.4096995792611,pool,Berlin,2025-01-01 08:19:00
